{"cameraMode":{"drawMode":0,"name":"Shaded","section":"Shading Mode"},"sceneLighting":false,"audioPlay":false,"sceneViewState":{"showFog":true,"showMaterialUpdate":false,"showSkybox":true,"showFlares":true,"showImageEffects":true,"showParticleSystems":true},"in2DMode":false,"pivot":{"x":-0.036165833473205569,"y":-1.96843421459198,"z":9.170641899108887},"rotation":{"x":-0.06648010015487671,"y":0.4316212236881256,"z":-0.03191735967993736,"w":-0.8990355134010315},"size":7.381505966186523,"orthographic":false}