{"cameraMode":{"drawMode":0,"name":"Shaded","section":"Shading Mode"},"sceneLighting":false,"audioPlay":false,"sceneViewState":{"showFog":true,"showMaterialUpdate":false,"showSkybox":true,"showFlares":true,"showImageEffects":true,"showParticleSystems":true},"in2DMode":false,"pivot":{"x":-0.7938156127929688,"y":-4.600059509277344,"z":2.713705062866211},"rotation":{"x":-0.06597117334604263,"y":-0.0935615822672844,"z":0.006212556269019842,"w":-0.9934059977531433},"size":70.5838623046875,"orthographic":false}