{"cameraMode":{"drawMode":0,"name":"Shaded","section":"Shading Mode"},"sceneLighting":false,"audioPlay":false,"sceneViewState":{"showFog":true,"showMaterialUpdate":false,"showSkybox":true,"showFlares":true,"showImageEffects":true,"showParticleSystems":true},"in2DMode":false,"pivot":{"x":2.554372787475586,"y":1.779677391052246,"z":2.433316230773926},"rotation":{"x":-0.059524476528167728,"y":0.2667931914329529,"z":-0.016512803733348848,"w":-0.961772084236145},"size":18.550827026367189,"orthographic":false}